<?xml version="1.0"?>
<Runs Version="1" Minor="0">
	<Run Id="ila_0_synth_1" LaunchDir="F:/Master/MCI/vivado/flash_cmds/collection/collection/collection.runs/ila_0_synth_1" FlowId="Vivado_Synthesis" FromStepId="vivado" ToStepId="vivado"/>
	<Run Id="synth_1" LaunchDir="F:/Master/MCI/vivado/flash_cmds/collection/collection/collection.runs/synth_1" FlowId="Vivado_Synthesis" FromStepId="vivado" ToStepId="vivado">
		<Parent Id="ila_0_synth_1"/>
	</Run>
	<Run Id="impl_1" LaunchDir="F:/Master/MCI/vivado/flash_cmds/collection/collection/collection.runs/impl_1" FlowId="Vivado_Implementation" FromStepId="init_design" ToStepId="write_bitstream">
		<Parent Id="synth_1"/>
		<Parent Id="ila_0_synth_1"/>
	</Run>
	<Parameters>
		<Parameter Name="runs.monitorLSFJobs" Val="true" Type="bool"/>
	</Parameters>
</Runs>

